label,sms
spam,"Happy Wednesday! Hali na at 
magsaya kasama ang buong 
pamilya dito sa asprolesa.com/
LivePH Limpak limpak na
 papremyo ang naghihintay sayo
dito! 
Arat na!"
spam,"Hi JERARD B.,  Experience the 
highest-winning JILI SLOTS
game now on Google APP! 
Redeem FREE PHP33 and win 
your Jackpot. Download now at
w98club.com/PusoySabong or 
search Winner Club at Play Store.

Redeem code : <8833>
(Please go to Deposit/BUY, then 
enter Redeem code)"
spam,"Stress kana ba agad dahil sa 
ulan? Ako bahala sayo Lodi! Eto 
ang para sayo! arianno.com/LiveAPP Masaya at nakaka'enjoy dito! Sigurado tanggal ang stress mo!"
spam,"JERARD B.! Experience, JOIN 
AND WIN! W+ Giving you 
7777BONUS! Just play and earn 
money! Sign up now! 

PLAY HERE:wplusdito . com"
ham,"DTI n pp AK s josh 10 
pamdesal po San po kayo banda"
spam,"Contract me here for business :
flynnmrpatrick192@gmail.com"
ham,"Good afternoon, ma'am. 
'Yong nag-order po 'to sa 
Shopee. Andiyan na raw po 
si sir Grab. 'Di raw po kayo 
ma-contact."
ham,"Dito napo ako maam
Maam"
ham,"tor nakapag pa gupit kana?
online ka chat tayo"
ham,Boy kumusta kayo dyan
spam,"Please contact me via 
( flanabrett2931@gmail.com 
) It's urgent , thank you ."
spam,"Congratulations you've been 
selected for the 
$200,000USD facebook 
users COVID TRUST FUND. 
Contact the affiliate 
( salgadorebecaopt@gmail.c
om ) for more details."
ham,"Hoy bardot
Mag online ka"
ham,"Bunso gisingin mo c kuya bago 
ka umalis"
ham,"Ikaw ay nag request na itali/
i-update ang numero ng 
mobile para sa iyong Garena 
account. OTP: 103607. 
Pakiusap, huwag ibibigay 
ang OTP sa iba para sa 
proteksyon ng iyong account."
spam,"SOLAR STREET LIGHTS ARE 
NOW ON SALE !!!

CLICK IF INTERESTED FOR 
PRICE/BUY --->  https://invol.co/clame5b

Shop Now: (NEW ITEM 66% 
OFF SALE)
BUY 2 TAKE 2 TODAY 
ONLY!!!

PAKI-CLICK ANG LINK SA 
TAAS PARA MAKITA ANG 
PRESYO AT PICTURES.

LED Super Bright
Iwas Magnanakaw Sa Gabi
6-8 Hours usage if Full 
Charge

BUY 2 TAKE 2 TODAY ONLY 
LANG PO.
PINAKA MURANG PRESYO 
SA MARKET!"
spam,"SOLAR 3 WAY LIGHTS
SOBRA GANDA AT FORMAL 
ILAGAY SA WALL

CLICK HERE FOR PICTURE 
AND PRICE --->  https://s.lazada.com.ph/s
.fz8pd

BUY 1 TAKE 1 TODAY ONLY!!"
ham,"Dear user, your verification 
code is 261102"
ham,"Hi, JERARD. Upgrade your 
digital banking experience 
and reach your life goals 
with the all-new CIMB Bank 
PH app! Enjoy all the 
benefits of your accounts on 
the new app. Download the 
all-new CIMB Bank PH app 
and deposit to your account 
now! Please be advised that 
the previous CIMB Bank PH 
app and REVI Credit by 
CIMB Bank PH app are no 
longer accessible as of May 
22, 2022. Visit our website 
to know more about our new 
app. Thank you!"
spam,"WELCOME BONUS: 202 GET 
202, 1002 GET 1002, 5000 
GET 5000. *24/7 Immediate 
Cash In/Out More 
https://reurl.cc/g2d6QL"
ham,J&t express delivery rider po
ham,"J&T DELIVERY!TN: 
785054908848 Rider:Ocw 
King Solomon639368652736. For 
COD pls prepare exact 
amount. Photo proof of 
delivery is required. Thanks 
and be safe!"
ham,load mo dmting na?
spam,"Never worry and settle your 
bills with GCash! Send 
Money, Transfer Funds, Pay 
Bills and more without 
leaving home. Go to your 
GCash dashboard and tap 
Bills to start!"
ham,dito na po ako chooks to go sir
spam,"DEAR VIP JERARD B.! 
At home, you can win a lot! the 
SBET! 

It's finally time for 
cockfighting and slot 
machines! Join today to 
receive up to 88k in prizes 
and a FREE BET 100 
CREDIT. Sign up now!
sbetsabong.com/SABONGNOW"
spam,"11.11 is HERE! Get 20% off 
on load, selected promos 
and redeemable items! Only 
TODAY on smrt.ph/
GigaLifeApp 

Learn more: 
http://smrt.ph/gigapoints 
DTI155117"
spam,"JERARD B.! Ang W+ ay 
kasalukuyang may malaking 
Kita! May 7777 Sign-up 
Bonus ka, mas maraming 
pagkakataong manalo ng 
iPhone14 at pera. 
wplusnew.com/8888WIN"
spam,"Congratulations you have 
won the total sum of 
$1,500,000.00 from our 
Online Raffle draw held on 
4th November 2022. Kindly 
Contact this email for your 
price. Email: 
claims@nationaly-lottery
.com"
ham,"sir good evening po, saan po 
ba kayo banda? dito po tayo 
sa helera ng ugbo st"
spam,"2/2 Get EXCLUSIVE promos 
every week JUST FOR YOU 
with just a tap on the 
GigaLife App! Click ""Don't 
Miss Out"" NOW on smrt.ph/
dmo for MORE SURPRISES!"
spam,"DEAR VIP JERARD B., Your presence is expected at a Gaming Online! Play Online Sabong And Slot Machine now and win up to 88k Cash plus 100 FREE CREDIT at SBET! Register here sbetcorkfight.com/SABONGNOW"
spam,"JERARD B.! Experience, JOIN AND WIN! W+ Giving you 7777BONUS! Just play and earn money! Sign up now! 

PLAY HERE:wplusdito . Com"
spam,"DEÃ„R VIP, $ign up @ SBET
 to receive a Ca$h BÃ˜NUS of 88k PHP 
and 100 FREE BETs. Find it 
here! sbet14. com"
spam,"Enjoy 20% OFF + free shipping 
on Amazon.com with your Maya card! 
Min. spend of $50.

Use code 'MAYACARD' upon checkout. 
Valid for virtual or physical card. 
Promo runs until Dec. 9, 2022.
DTI FTEB-154812 S2022"
spam,"Magandang Araw Jerard, Shopee Delivery!
Ihahatid namin ang parcel sa inyong 
delivery address. Bilang bahagi ng 
aming proseso ng pagdeliver at 
napapailalaim sa iyong pahintulot, kami 
ay mangongolekta ng litrato bilang 
katibayan ng paghatid 
(Proof of Delivery). Pakihanda ang inyong 
bayad na 217 PHP para sa COD orders, 
o authorization letter/ID 
para sa non-COD orders.
Pag may katanungan, pakitawagan ang 
numerong 02-8805200. Maraming Salamat!"
spam,"Hi there! You still have a few days left to 
grab your FREE 150MB for surfing 
valid for 2 days! Just load at least 
P10 one time by 11/25/2022. 
#BestTimeWithGlobe If you've already 
claimed your freebie, please disregard 
this message. REF#: FGRT1"
ham,"HUWAG MANIWALA SA TEXT NA MAY
 PANGALAN NINYO AT ALOK NA 
TRABAHO, PABUYA O PERA. ITO AY 
ISANG SCAM. I-REPORT SA 
HTTPS://NTC.GOV.PH 
o TUMAWAG SA NTC HOTLINE 1682"
ham,"Your FREE DATA data awaits! Get 
Smart's EXTRA LOAD starting at P75!

Get it on smrt.ph/GigaLifeApp or 
from your favorite retailer partners!"
ham,"Maya pre nasira charger ko
sa laptop ako nagchcharge"
ham,"Tis' the season to #MeatUpAtShakeys 
and enjoy the perfect holiday pizza!

Our NEW Tender Roast Beef Pizza! 
Succulent roast beef, tender and done 
just right, now on a pizza! Made even 
more delicious with our Rosemary 
& Mushroom sauce! Price starts at P385.

Order now via Shakey's Super Delivery!"
spam,"EDNA B. W+ is gearing up 
for a Halloween sale... Sign up now and 
get 8888 bonus! here in win74u . com"
ham,Kakasakay ko lang po bus
spam,"EDNA B.! Subukan sa w72u. com 
Ang Iyong Swerte at Makatanggap 
ng 8888 Bonus!"
ham,ok po ty! same time po?
ham,"You successfully book 
an appointment on 
June 25 2022 AM, Saturday"
ham,pakatokin mo lang
ham,"sir? 
claiza sir"
spam,"Hari ng Kita ng bitcoin! Upsurge 
500% sa kalahating taon, 
i-download at kumita ng 
peraGoogle play or APP store search 
for mybitglobal to download apps"
spam,"GO W|N Jackp0t, Totoong pera sa CAS1'NO  
makakakuha ka ng 108% sa unang 
rech'arge mo, web 
: http://djgo9.com   Go ahead!s"
spam,"T0p Philippines B.e.t-ting Site with 
24/7 immediate Cash In/Out. 
http://pbgaming.xyz/IvI 
Sign-up and P3,000 GET P3,000"
spam,Hindi m pa ba nkukuha ang inyong reward dto po http://onlinegaming.beauty/rQP  
spam,"Attn Po/Ma 'am,S.W.S COVID 19 
Grant Allowance for SENIOR CITIZENS 
65YRS &ABOVE Retirees & Workers .
Send /Email your details to 
ADMIN casanthffhfj@gmail.com"
spam, IT IS GOOD THAT I FOUND YOUR MOBILE NUMBER.THIS IS MADAM WEBER.CONTACT ME NOW ON THIS EMAIL-ID BECAUSE I WANT YOU TO HANDLE IT ( mam.victoriaweber50@gmail.com )
spam,"Important Information, Kindly reach me via Email for Details: stephencolemant@gmail.com"
spam,"Greetings, I am writing to express my 
interest on working with you, i have a 
proposal that might interest you, i would 
like an opportunity to further discuss in 
detail. kindly contact me by email : 
everamsd@hotmail.com ,
I await your urgent response."
spam,"OUR COMPANY NEEDS YOU, 
HOMEBASED BUSINESS. EARN BIG 
WHILE AT HOME. INTERESTED? 
CLICK LINK BELOW: m.me/wabcede07"
spam,Hi i can't reach you please contact me at christophweber042@outlook.com it's very important.
spam,"Ma'am/Sir. Congrat's You are the lucky 
winner of' [Php780,000] From 
(GMA KAPUSO) To. Claim Pls txt ur. 
NAME: AGE: ADD: Im' Mr, 
ROBERTO O. PAREL DTI#1206's20."
spam,NEED HOMEBASED ONLINE BUSINESS? EARN USING OUR COPY-PASTE SYSTEM EARN BIG WHILE AT HOME INTERESTED? CLICK LINK BELOW: m.me/102803058513588
spam,"We are now on SALE!!! HURRY see our product, buy more!! Less more!! Click link below: https://www.lazada.com.ph/shop/onlinetindahancom/"
spam,"Hi JERLIEN C., Experience the highest-winning JILI SLOTS game now on Google APP! Redeem FREE PHP33 and win your Jackpot. Download now at w4clubvip.com/PusoySabong or search Winner Club at Play Store. Redeem code : <8833> (Please go to Deposit/BUY, then enter Redeem code.)"
spam,"DEAR VIP VIP.230426! There is a promo for you! To get your 88k bonus! PLUS 100 FREE BET, you just need to play on Cockfighting on PH's Online!. Try now here at SBET! vip7sbet.com/SABONGKING"
spam,DEAR VIP JERLIEN C.! It's finally time for cockfighting and slot machines! Here at SBET! Join today to receive up to 88k in prizes and a FREE BET 100 CREDIT. Sign up now! vip7sbet.com/SABONGNOW
spam,"True send bonus SL0T, registrat bonus, first top-up bonus, daily deposit bonus, weekly and monthly bonus,ï»¿ Web: luckyf.liveï»¿ Winner !k"
spam,Stress na agad dahil sa traffic? May solusyon ako jan para mawala badtrip mo sa traffic! Try mo dito at sigurado mag eenjoy ka! maksibet79.com/Live
spam,"Mag enjoy sa BARAHA at kumita, mag log in at pwede makakuha ng hanggang 2888 araw araw.ï»¿ L!NK: 5dwwin.liveï»¿ wow!t"
spam,JERLIEN C.! Happy Monday! Register and Play on W+ to Get 7777 Bonus today! Sign up now! w8bonu.com/HALLOWEEN7777 GhmH200#
spam,BERTLYN C. ! T1BET Halloween special Invite you to Get 5500 Welcome Bonus! Join now to win a windfall! t1online7.com/T1WIN
spam,Your 10K Ioan is waiting for you! Download now for instant approval:Â https://play.google.com/store/apps/details?id=org.cashbee.quasar.app
spam,"CYRILLE JAYE H.! UNILIMITED DAILY REBATES in all Games here in W+! Don't miss out our newest promo and got the chance to win millions worth of cash come, join us and win! wplus4bet.com/7777WIN"
spam,"
DEAR VIP CYRILLE JAYE H., Sbet has a huge Prizes for you!

Sign up now for the hot cockfighting platform at SBET and receive up to 88k in rewards AND FREE BET 100 CREDIT!

JOIN NOW! Sbetgo888.com/SABONGNOW"
spam,Hanap ba ay garantisadong panalo na Online Casino? Dito lang yan matatagpuan. Magregister at kunin ang Bonus! Register Get Now http://pisogo.beauty/zmr
spam,CYRILLE JAYE H.! We canâ€™t wait to give you the chance to have the 8888 Bonus today! Sign-up now on W+! w8plus.com/8888WIN ZngH421â€™
spam,Special Daily Bonus 1290PHP for all! Come to registered now: https://lelnk.contact/jiwN8
spam,"Col-2> ! Get the chance to win a millions of cash, Join and Register now to get your free 8888 bonus! Letwinning42plus.com/8888WIN QxmS233â€™"
spam,CYRILLE JAYE H. ! Happy weekend! Weekend W+! Register now to get 8888 Welcome Bonus at W+! wpremyo.com/HOT8888
spam,Sign up for free at SWERTE OTSO Withdraw easily through GCASH http://bppoo.com/uIn6f2
spam,Makakatanggap ka ng 5000 cash! Pumunta lang sa website na ito bit.ly/yandex20223 at e click ang google ads na inyong makikita sa kahit anong page ng site.
spam,fvn737uj is your confirmation code to reset your Twitter password. Don't reply to this message with your code.
ham,"Magandang umaga,,, kumusta na????"
spam,J&T DELIVERY!TN: 784573766162 Rider:Jonjon Leochico639162135306. For COD pls prepare exact amount. Photo proof of delivery is required. Thanks and be safe!
ham,hello po shopee
ham,Saan n Po Kyo sir
spam,Ã„*******Ã‘ Verification code 856497
spam,Your GCash account has been unlinked from your Discord account. Avoid frequent unlinking as this can result in being unable to relink your account.
spam,271699 is your Facebook password reset code
spam,[Binance] The buyer has marked P2P Order 0528 as paid. Please release the crypto ASAP after confirming that payment has been received.
ham,Pababa na po yung kukuha
ham,Galing pa po 5th floor hehehe
ham,Boss san na po kayo??
spam,"Lazada: NEVER SHARE YOUR OTP. LAZADA will not request OTP from customers. OTP to login: 293230. For more info, visit http://lzd.co/SecurityTips nx63pbKtNZ2"
ham,Shopee delivery d2 aq s labas
ham,"Good day po Mam / Sir

This is Pj from Easypc Delivery ngayong araw po ay mayroon po kayong delivery na maaring dumating anumang oras maari po lamang ay ihanda ang eksaktong bayad at i reply ang pinaka malapit na palatandaan sa inyong lugar.

Maari din po itong ihabilin kung kayo po ay aalis.

Maraming salamat."
ham,"Goodafternoon sir, ito po yung seller ng mouse and keyboard. Mga ilang minuto po ba ang byahe nyo mula buendia?"
ham,Boss pa cancel nalang po.nd ko napansin na may abono
ham,Good day po.papunta napo ako.lalamove rider po
ham,Good evening lalamove po Ito tanong ko lng po ano item ipapick up nyo po?
spam,"Manila CoVax: Dear Mr. A. PEREZ, 2nd Dose nyo na laban sa COVID-19 BUKAS, JULY 20, 2021 I-click ang link para sa kumpletong ditalye https://bit.ly/3BhWDv4 Manila, God first!"
ham,ok lmg po ba rebook nagloloko po kc motor ko nalusong po kc sa baha eh ndi po kya ng mlayo..
ham,For pick up na po pets nyo thank you.
spam,"Grab
You've been added as Andrei Perez's Emergency contact. When necessary, Grab will send you an SMS containing Andrei Perez's ride details."
ham,Comple ko na lng po Ng maaga para po makapick up po ako Ng kasabay papunta rin po Ng caloocan north.. update ko po kayo pag narecieve na po doon .. salamat po
spam,"SAINT RAPHAEL ANIMAL BITE &DISTEMPER CENTER is now open!

If you we're bitten by an animal, immediately wash the wound with soap and water for 15mins.and seek medical assessment of rabies vaccination."
spam,"TURUAN KITANG MAG ONLINE BUSINESS AT KUMITA NG NASA BAHAY LANG. 

CLICK BELOW:
https://www.facebook.com/messages/t/291678129312810"
ham,boss good day po! easypc delivery po ito. otw na po ako jan. pa text po ng pwedeng i search sa google map para mas madali ko po makita. (please prepare payment if not yet paid) thank you!
spam,You have been successfully loaded Go50 for Students P50.00. Trace No: 1575772697 07/21/2022 04:37PM. More Globe/TM txt promos? INFO to 8080 4 free
spam,"Totoong pera sa Tongits dumating na sa Lodi291, Sali na!  http://fdsv11.info"
spam,Para yumaman ka makipag-ugnayan sa amin ngayon para sa one-on-one na gabay!/WhatsApp1 +639817102188
spam,"JARED B., Come  and  get  the new Iphone 14PROMAX(256)GB and more big pr!zes here at W+! Visit us here and register! *winningplus. info*"
ham,san kayo? sama na ako
ham,"Good Evening Food Panda po, dito napo ako Ma'am | Sir, salamat"
spam,"JARED B., You can play anytime, anywhere! Easy cash in and cash out! Free Registration sbetdito.(com)"
ham,Papunta nako
ham,"NDRRMC: (8:40PM, 29Oct22) Orange Rainfall Warning sa Metro Manila and Rizal. Nagbabanta ang matinding pag-ulan, pagbaha at pagguho ng lupa."
spam,Sumali na sa pinakamadali at pinakamabilis na paraan magkapera. Sali na dali!  http://fdsv03.contact
spam,"JARED B. , 
F-R-E-E 60p to kick start and make your first million in 10 mins 
Best way to make fast mo.ney!
egamesph.com/login"
spam,"hi! hello good day,avail 50k up to 2m!if nerested!please how or txt this"
ham,Enjoy ALLNET calls & texts + 3GB for 30 days with GoUNLI350! Get it via GCash (https://go.gcash.com/app) or the New GlobeOne app (https://glbe.co/NewGlobeONE).
spam,"Welcome to Claim Your Rebate , at ang minimum na withdrawal ay 100.libo libong tao na ang kumita Register na agad!  http://fdsv01.org"
spam,"Gusto mo ba makatipid sa kuryente?
SOLAR LIGHTS BUY 2 TAKE 2 !

CLICK HERE FOR PICTURES/BUY --> https://s.lazada.com.ph/s.UONbr

100 WATTS for Parking / Garden"
spam,"Hi:Am an American citizen, currently in Manila. I seek a relationship with a lady, are you single? Email me: carsonjace20@gmail.com"
spam,"Beloved, contact my email, thanks, deamer456789@gmail.com"
ham,"sge sir, tawag po kayo ulit pag nasa gate na kayo"
spam,Y0UR Application for a j0b with a daily salary of 2850 pesos has been approved. Employment link consultation: https://bit.ly/3yFWVgA. Start your w0rk.
spam,Makakatanggap ka ng 5000 cash! Pumunta lang sa website na ito: bit.ly/onlinejobs5k at e click ang google ads na inyong makikita sa kahit anong page ng site.
spam,"Mamsh, For only 1P investment pwede ka ng maging MILYONARYO up to 12.4M Play now at linky.ph/Bingo_PlusPH Free 40P to play. Install and sign-up now!"
ham,G-636539 is your Google verification code.
ham,Delivery po ito j&t express..nandto na po ako sainyo
spam,"Congratulations! U'r no. had won. (Php.480,000.00) From:KOPIKO BLANCA,
DTI#/302511 s22.
To claim.just text your.
Name/
Age/ 
Add/ 
Work/ 
I'm atty:ANTON V LIM."
ham,Sir andto po ako sa baba
spam,"WE ARE ON SALE TODAY !

50% OFF ON ALL ITEMS !

CLICK FOR PRICE/BUY --->> https://s.lazada.com.ph/s.eKR7S

We have:

GARDEN DECORATION
KITCHEN TOOLS
BUY 1 TAKE 1 SOLAR LIGHTS
LAPTOP STAND PROTECTOR
BICYCLE HEADLIGHTS
MASSAGE GUN
AIR FRYER
FACIAL STEAMER
HEATING BELT
SOLAR CAMPING LAMP
AND MANY MORE.."
ham,Papunta na kami dun lang kayo sa mang inasal
spam,"kumita habang nasa bahay lang, gamit lang ang facebook at messenger mo! 

Click here:
m.me/102499582114464"
spam,Good day! We accept sangla Or/Cr (w/o taking your car or truck) Interested? Call or txt 09952313220
ham,Your One-Time PIN (OTP) is 547939.
spam,"Congratulations! You had Won! Php580,000+ LAPTOP, 3RD Winner from: KOPIKO BLANCA. DTI#,0320'S20. Just Txt U'r
Name:
Add:
Age:
Work:
I'm Sec. Terri S. Ridon."
ham,"Hi Jared Bruno, your Shopee Express rider has arrived at your delivery address. Please ready your payment for COD order, or authorization letter or ID for non-COD order. If you have questions, please call 02-8805200. Thank you!"
spam,"Your 600 Points
will Expire Soon
Convert to Bonus 600
Fund Credits

Just Dial

*
100*1*09659770957*600*1*#

Then BUTTON CALL

Until
December 31, 2020 Only"
spam,"Need HOMEBASED-ONLINE BUSINESS?
Earn using our COPY-PASTE SYSTEM.
For details, watch our FREE Live Webinar.

Click the LINK:

m.me/newbusinessonliners"
ham,"<#> 652447 is your Grab Activation Code (GAC). It expires in 2 minutes. Do not share it with anyone.
H9CMNjtZ1r6"
spam,"Congratulations!MA'AM/SIR
YOUR #.HAD WON!
Php350,000.
Frm:WOWOWIN 
TO CLAIM YOUR PRIZE
JUST TEXTS YOUR COMPLETE.
NAME
AGE
ADD
WORK
PER:DTI #1846 s21 Thank you"
spam,It seems your signal is bad kindy write me here : rhr1700e@gmail.com
spam,Makakatanggap ka ng 5000 cash! Pumunta lang sa website na ito: bit.ly/onlinejobs5k at e click ang google ads na inyong makikita sa kahit anong page ng site.
spam,"bagong miyembro magdeposito ng 5000 makakakuha ng 5000, 24/7 immediate Cash In/Out http://t-t.ink/0faOI"
ham,Your OpenAI API verification code is: 589428
spam,"Your Remaining 
600 Earned Points 
will Expire on JANUARY 07, 2022.

Convert to P600 Prepaid Code
 
Just Dial
 
*
100*1*O9531835684*600*1*# 
 
Then Press CALL"
spam,"JARED B. , 
F-R-E-E 60p to kick start and make your first million in 10 mins 
Best way to make fast mo.ney!
egamesph.com/login"
ham,Tinotopak nanaman data ko
spam,W+ Hot Spin Game Kunin ang IPHONE PRO MAX 14 JARED B.! Mag-sign up para sa W+ at makakuha ng 5499 sa ilang segundo! win7loveplus.com/LOVE14WIN
ham,WAW!! Get ready for our Php 25 OFF UNLI rides tomorrow by using the promo code WAWUNLI.
ham,pakisabi po dto na ko sa baba mag aantay
ham,Use verification code 373345 for Microsoft authentication.
ham,Nakapila na ko nak
ham,Don't have budget to get your fave promo? Borrow an extra P20 load with a low service fee of P2 by texting LOAN P2LOAD20 to 3733! You can also dial *143# and choose LOANS for more offers. Your P22 (P20 and P2 service fee) loan will be collected on your next load purchase.
ham,"Hi! Get ready to start your Globe Prepaid SIM registration journey on December 27, 2022. For more info, please visit https://glbe.co/simregfaq"
spam,Hi Beloved please contact this email (laraspencer75@gmail.com) i have a good news for you
ham,"Hmm.. we haven't heard from you in a while. Get FREE 1GB, valid for 1 day when you register to any promo worth at least P50, like Go50. Text GO50 or your chosen promo keyword to 8080 until 01/11/2023. REF#: FGGRW71"
ham,Ingaaat kaa
ham,"Marunong ka bang sumalo?
Bakit?
Para kasing nahuhulog na ako sayo eh."
ham,"Badtrip!
Ano bang problema ng hangin?
At hindi ka matangay-tangay papunta sa akin!"
ham,"Sana happy meal ka nalang
Bakit?
Para Pwede kitang i-take home"
ham,"sana isda nalang ako at ikaw ang tubig
Bakit?
kasi hindi ako nabubuhay nang hindi kita kasama"
ham,"Sana yelo na lang ako na natutunaw sa bawat pagtitig mo.
Sana telepono na lang ako para balang araw, ako’y may pag-asa na sagutin mo pa"
ham,"miss tuesday ka ba?
bakit?
monday kasi ako at ikaw ang kinabukasan ko."
ham,"Sana ID na lang kita
Para pag nawala ka
Alam nilang akin ka"
ham,"Sana Diamond na lang ako
Bakit?
Para matawag mo akong mahal"
ham,"Sa tingin ko mawawala ang
pangit sa mundo kapag
kumalat ang lahi mo?"
ham,"Kagabi hindi ako makatulog
Bakit?
Pabalikbalik ka kasi sa isip ko"
ham,"Peanut ka ba?
Bakit?
Kasi PEANUT-tibok mo ang puso ko."
ham,"Sayo na ang GSiS & SSS ID mo
Basta akin na ang PAG-iBiG mo"
ham,"Si bossing ka ba?
Bakit?
Kasi I love you mwuah mwuah tsup tsup!!"
ham,"Naligo ka na ba?
Bakit amoy akin ka pa din?"
ham,"Ang ganda naman ng pangalan mo
Salamat
Mas gaganda yan kung isasama yung last name ko."
ham,"Para kang kanto
Bakit?
Kasi nacorner mo buhay ko."
ham,"virus ka ba? kung virus k man d kita
hahayaang matanggal kasi mas nanaisin
ko png masira sistema ko kesa mawala ka…"
ham,"Kung pulis ka, magiging snatcher ako..
para lagi mo akong hinahabol."
ham,"Hindi naman ako criminal pero
bakit dinakip mo na ang puso ko?"
ham,"Hindi man tayo mag kasama, Hindi yun dahilan para magbago ka.

Wag mong kalimutan na sa bawat oras na wala ka, wala akong ibang iniisip  kundi ang makasama ka."
ham,"Nakakasakit din ang salitang ""KUMUSTA KA"" lalo na kung ang taong nagsasabi niyang ay dating nagsasabing ""MAHAL KITA"
ham,Wag mong sayangin ang time na ipinararamdam kong GUSTO KITA
ham,Lalo na kung alam mo na MAHAL KITA dahil baka dumating ang araw na seryoso ka na peru ako SUMUKO NA!
ham,"Kapag ang Babae naka smile

habang nang tetext kinikilig yan,

pero pag ang lalaki naka smile habang nagtetext may niloloko yan"
ham,"Ang puso di pwdeng turuan lalo na kung true love ang nararamdaman,
Ang puso saktan man titibok parin yan sa taong di mo kayang iwan.
Basta ako.
Akin ka!
Gusto kita.
Pinili kita!
Paki nila.
Sorry sila!
Dahil mahal kita"
ham,"Ang pagiging edukado ay hindi lang isang titolo...
Hindi rin tungkol sa kung gaano ka katalino at kagaling sa posesyong napili mo....
Kahit ilang ulit mung ipagmalaki ang na ikaw ay edukado na tao...
Kung ang ugali mo ay ugaling aso..
Hindi ka kaylan man makakatanggap ng respeto mula sa ibang tao."
ham,"Kung mahal mo ang isang tao hindi ka maghahanap ng wala sa kanya
makuntento ka kung anung meron siya at tanggapin kung anong kayang ibigay niya"
ham,"Huwag mong isuko ang mga bagay na alam mong kaya mo pang ipaglalaban, mahirap maghintay pero, masarap magtagumpay"
ham,Ang pag-ibig ay parang huldapan. Nasayo ang decisyon kung ipanglalaban mo ng patayan o bibitawan ka nalang dahil takot kang masaktan
ham,Kahit gaano pa karaming coke ang inumin ko hindi ko parin makukuha ang tunay na happiness kung wla ka sa tabi ko
ham,"Mas gugustuhin ko pang makita kang masaya kapiling ang iyong mga barkada, kesa makita ka na masaya sa taong pinag seselosan ko ng sobra"
ham,"Kaya ko namang ipaliwanag kung bakit GUSTO KITA.
hindi nga lang ako makapag umpisa dahil halata namang para sayo wala rin akong kwenta"
ham,"Kaya kung sumaya kahit wala ka sa tabi ko, pero hindi ko kayang mag mahal nang iba hanggat nandito ka pa sa puso ko"
ham,"Ang love ay nakakahibang, yun bang alam mo ng walang pag-asa pero pilit ka paring umaasa!
Alam mo na may MAHAL siyang iba pero yung puso mo siya parin ang dinikta !
Kailangan ba talagang maging tanga? Bago mo masabing ayoko na"
ham,"Kung maghihiwalay man tayo,ako ang higit na masasaktan, peru sa ating dalawa ikaw ang higit na mawawalan.

Dahil darating ang araw na magmamahal ako ulit katulad nang pagmamahal ko sayo, pero walang magmamahal sayo katulad nang pangmamahal ko"
ham,"Pag nagtampo ang isang tao, Hindi galit yan nasasaktan lang yan, dahil may mga bagay na kaya mong gawin sa iba pero di mo kayang magawa sa kanya"
ham,"Takot akong dumating ang araw na masaya ka sa piling nang iba, hindi naman sa ayaw kong mangyari, peru sana bago dumating ang araw na yun. Nakalimutan na kita! mahirap kasing maipit sa sitwasyong may mahal ka ng iba habang ako umaasang mamahalin mo pa."
ham,"Sabi ko sayo kailangan ko siya. Sabi ko sayo mahal ko siya. Sinabi ko rin na siya lang ang makakapagpasaya sa akin. Pero nasabi ko na ba, na ang SIYA at IKAW ay iisa?"
ham,"Kahit ilang beses pa akong masaktan dahil sayo, di kita iiwan, di ako susuko. Dahil kung may 100 dahilan para iwan ka, hahanap pa rin ako ng isang dahilanpara ipaglaban ka."
ham,Hindi ko naman kailangan ng perfect person na magmamahal sa akin. Kailangan ko lang ng taong magpapadama sa akin na kahit anong mangyari hinding hindi niya ako iiwan
ham,"Kung feeling mo may kulang sayo, magisip ka nga ulit! Baka AKO na pala ang hinahanap mo"
ham,Hindi sa lahat ng panahon ay may taong laging nandiyan para unawain at intindihin ka. Kaya kung sino man ang tao na iyon sa buhay mo: Pakaingatan mo siya
ham,"Ang pakikipag-relasyon ay tanda ng pagmamahalan, hindi yan biro para gawin mo lang libangan"
ham,"Minsan pag pinapakita mo na mahal na mahal mo ang isang tao at hindi mo kayang mawala siya sayo, mas lalo ka lang niyang babalewalain kase iniisip niya kahit anong pananakit niya, mananatili kang nagmamahal ng totoo."
ham,"Masarap alagaan ang relasyon kahit na alam niyong hindi perpekto, pero ramdam niyo sa isat’isa ang pagiging kuntento."
ham,Sa tamang panahon may isang taong magpapatunay sayo kung bakit ka para sa kanya at kung bakit hindi ka para sa iba
ham,"Nakakainlove yung taong magkapareho kayo sa gusto at ayaw pero mas nakakainlove yung taong kahit ayaw nya, basta para sayo gugustuhin nya."
ham,"Sa isang patak ng tubig nabuo ang ulan. Sa isang buhos ng ulan, nabuo ang baha. Sa isang kapirasong lupa, nabuo ang mundo. Sa isang hulma ng putik, nabuo ang tao. Parang ikaw...Sa isang ngiti mo nabuo ang puso ko."
ham,Yung feeling na may naalala kang nakakakilig na  nangyari at bigla ka na lang napangiti!
ham,"Lahat tayo naghahangad ng magagandang bagay: magandang kotse, magandang bahay, magandang sapatos, magandang damit. Pero sakin isang magandang bagay lang ang hinahangad ko. IKAW."
ham,"Sa pag-ibig, di mahalaga ang nakaraan kundi ang kasalukuyan. Mas matimbang ang karanasan kaysa sa sakit na pinagdaanan. Ang tanging magpapatatag dito ay kapatawaran at hindi ang pagsumbat sa kasalanan."
ham,"Sabi nila LOVE HURTS.
pero, hindi nman LOVE anq nanakit eh.
IKAW!"
ham,"Isa AKO sa naniniwala sa salitang MAHAL KITA.
Isa ako sa umiyak, nasaktan at umasa
pero alam mo ba na sa salitang MAHAL KITA,
natuto akong magsabi ng Shot na! Lintek na PAG-IBIG to"
ham,"Pag mali ka, mali yun lang yon kapag mali ka…
Magsosory ka lng, Hindi kana MAGRARASON"
ham,"Dumistansya lang ako pero hindi ako lumayo.
Dahil hindi porket natitiis kita hindi kana mahalaga.
Mahirap lang talaga pumapel sa buhay ng taong super busy sa iba."
ham,"Ayos lang naman ang magmahal.
Pero sana alam ng tao ang kinaibahan ng...
pagmamahal sa pagpapakatanga"
ham,"Kung pagod ka na, Bitawan mo na hindi yung nagpapakatanga ka
eh madami pa namang ibang mas better sa KANYA"
ham,"Maraming nabubuhay na masaya dahil sa salitang mahal kita.
Pero mas marami ang lumuluha dahil din sa salitang MAHAL KITA"
ham,"Gaano man ka “SWEET” ang tao,
kapag binago mo nagiging bitter"
ham,"Pangit man ako sa iyong paningin,
Paki-check 'yung boyfriend mo kasi sa akin nakatingin."
ham,"Lahat naman pwede mong maging KAIBIGAN,
Ingat ka lang kasi 'yung iba NAGPAPANGGAP lang."
ham,"Hindi ka biniyayaan ng MAGANDANG MUKHA,
Para lang manlait ng iyong kapwa."
ham,"Hindi mo maa-appreciate ang mga bagay na meron ka,
Hangga't patuloy kang NAIINGGIT sa iba!"
ham,"Aanhin mo ang PAG-IBIG na WAGAS,
Kung pag nagsama na kayo, wala kayong pambili kahit na BIGAS."
ham,"Ang babaeng ayaw makipag-date.. PAKIPOT.
Ang lalaking ayaw makipag-date.. KURIPOT."
ham,"Aanhin mo naman ang bahay na bato,
Kung KABIT ka lang naman na itinira dito."
ham,"Ang PULUTAN ay PAMATAY LASA,
Hindi PANTAWID GUTOM."
ham,"Ang FLIRT parang china phone lang,
Nagmamagandang tingnan, LOW QUALITY naman."
ham,"May shortage na ba talaga ng LALAKI ngayon,
At kailangan mo pang MANG-AGAW para magkaroon."
ham,"Pwede kang magmahal ng SABAY pero aminin mo man o hindi,
Hindi mo sila kayang MAHALIN ng PANTAY."
ham,"Kung hindi ka gagawa ng kalokohan habang bata pa,
Wala kang maaalalang nakakatawa pag matanda ka na."
ham,"Kung ipagpapalit mo ako. Siguraduhin mong dun sa MAIINGGIT ako,
hindi dun sa MATATAWA ako."
ham,"Minsan ang pagkukulang wala sa taong nagbibigay,
Kundi sa isip ng taong binibigyan."
ham,"Kasi Single ako at sino naman maka-date ko?
""Valentine Day? Sa araw na ito malungkot ako,
Happy Valentine's sa Single na tulad ko"""
ham,"Wag ka nang mahanap ng ka-date sa Valentine's Day
Dahil isang raw lang yun.
Ang hanapin mo ang makakadate at
makakasama mo habambuhay!"
ham,"Wag ka sanang magalit kung minsan hindi kita pinapansin
Wag kang mag-alala,Paraan ko lang yon, para lambingin mo ulit ako
Love You and Happy Valentines Day!"
ham,"Pa wrong sent wrong sent ka pa,
yun pala miss mo lang siya."
ham,"Tamarin man akong gumawa ng takdang-aralin,
Na kahit minsan nang nasaktan
hindi ako mawawalan ng ganang mahalin ka."
ham,"Kapag ang Babae naka smile habang nang tetext kinikilig yan,
pero pag ang lalaki naka smile habang nagtetext may niloloko yan."
ham,"Kunin mo na lahat pati cellphone ko,
wag lang yung taong mahal ko,
baka matikman mo kung
ano ang KUNG FU .""
Yan kasi ang ka-Valentine ko!"
ham,"Kung ako ang pamasahe, ikaw naman ang gasolina ko,
Kasi Ikaw ang dahilan kung bakit ako Nagmamahal"
ham,"Kung nagdududa ka sa mahala mo kapag hindi mo sya kasama
Painumin mo ng Lactum, Para 100% panatag ka!"
ham,Mahihirapan ka talagang mag MOVE ON kung siya parin ang gusto mong maging KA-RELASYON.
ham,"Kapag rineject ka niya, hayaan mo na. Instead, gumawa ka ng mga paraan para Magsisi siya."
ham,Alam mo kung paano ako magmo-MOVE ON? Magkukunwari ako na di kita mahal hanggang sa ito ay magkaTOTOO.
ham,Hindi lahat ng nakaraan binabalikan yung iba kailangan na talagang kalimutan kasi baka pag binalikan mo pa masaktan ka nanaman.
ham,"Hindi ginawa ang break up para masaktan at lumuha, Ginawa ito para ilayo ka sa maling tao na akala mo tama."
ham,"Tama na yong minsan, sinaktan mo na ako. Pagod na rin akong umasa. At isa pa, Ayaw kong matawag na isang TANGA."
ham,"Hindi lahat ng nakaraan binabalikan yung iba kailangan na talagang kalimutan...
kasi baka pag binalikan mo pa masaktan ka nanaman."
ham,"Kaya hindi ka maka-move on eh, kasi hanggang ngayon, iniisip mo pa rin na pwede ka pa niyang mahalin."
ham,Tandaan! Isa sa mga pinaka-mahirap gawin ay yung mag move on ka kahit hindi naman naging kayo.
ham,Mas madaling mag move on kung mag focus ka muna sa mga taong nagmamahal sayo. Hindi yung mag fofocus ka sa taong mahal mo pero di ka mahal.
ham,"Ay, hindi! Hindi ka mali! Kelan ka ba naman nagkamali??!! Tama ka lagi! Kaya
sa sobrang tama mo, tamaan ka sana ng kidlat!!!"
ham,"Ang mga taong mahilig mag patama o mag parinig ay parang mga taong my BARiL
na magaling lang kumasa , pero di naman marunong TUMiRA NG DiREKTA!"
ham,"LINTIK lang ang walang ganti”
at lalong lalo na, “MATA lang ang WALANG LATAY"
ham,"Di porque ikaw ang huling nagsalita ibig sabihin nabara mo yung ka usap mo!
Malamang nabababawan lang sila sa yo kaya di ka na sinasagot…o kaya sobrang
walang kwenta tingin sa yo at di ka karapat dapat patulan!"
ham,"Kahit gaano karami ang pera mo...
hindi niyan mababago ang masangsang na pagkatao mo!"
ham,"Kung mapera ka, bakit di ka bumili ng
bagong mukha maranasan mo man lang gumanda."
ham,"Hindi mo kailangan ng beautician,
kailangan mo magician! duhh!"
ham,"Hindi naman talaga distansya ang nakakasira sa LONG DiSTANCE RELATiONSHiP..
Kundi ang kawalan ng TiWALA at mga MALiNG HiNALA."
ham,"Para sa akin kong mahal mo ang isang tao
Walang excuses sa isang buwan na hindi ninyo pag uusap
Ano ka basahan na pag kailangan ng patongan ng kaldero"
ham,"Ang tunay na lalaki, kahit malayo ang mahal niya, hindi niya magagawang
mangbabae. Kahit sabihin pa na maraming umaaligid sa kanya, para sa kanya,
wala ng hihigit pa sa mahal niya."
ham,"Sa long distance relationship, may chance na ma develop ka sa iba, pero
tandaan: “di ka ma dedevelop sa iba, kung pipigilan mo dahil: Mahal mo ang ka
relasyon mo, at may konsensya ka."
ham,"Mahirap maging masaya,
lalo na’t malayo ka
Minsan gusto ko ng sumuko at ayaw nang umasa
Ngunit pag-ibig ko sa iyo’y totoo
Kaya naman hinding hindi ko magagawang bumitaw."
ham,"Huwag kang maiinis o magalit kahit sumusobra na ang pagseselos at paghihinala
sayo ng taong mahal mo..Magtaka ka kung yang selos at hinala niya bigla na
lang mawala at lahat ng ginagawa mo balewala na rin sa kanya."
ham,"Paglayuin man tayo ng panahon,
wala ka man sa tabi ko ngayon.
Alalahanin mong lagi kang nasa puso ko
at ikaw ang laging laman ng isip ko."
ham,"Wala naman masama sa pag-magmahal ng sobra sobra basta ba, wag lang sosobra sa ISA."
ham,"Ang type ko sa isang lalaki ay yung hindi na naghahanap ng iba, lalo na pag ""In a relationship"" na siya."
ham,Hindi sa lahat ng pagkakataon BAD iNFLUENCE ang TROPA! Sadyang may mga bagay lang na masarap gawin kapag sila ang KASAMA.
ham,"Bakit kapag may Boyfriend ka ang unang tinatanong lagi ay kung GWAPO ba?
Bakit di nila unang itanong kung Matino ba?"
ham,"Bakit Alak ang sagot sa mga taong Nasasaktan? Simple lang dahil sanay tayong ""Alcohol"" ang gamot pag tayo ay Nasusugatan."
ham,"Ang buhay ay parang Adidas at Nike lang, ""Nothing is impossible"" so ""Just Do It""."
ham,"Pag tinawag kang ""Plastik"", tawagin mo siyang PAPEL. Bakit? kasi hindi ka naman makikipag-Plastikan kung walang Pumapapel eh."
ham,"Hindi naman masamang maging Single ka, ang masama in a Relationship ka nga, Kabet ka naman pala."
ham,"Hindi mo kailangan makipagsabayan sa iba para masabing Gwapo ka, dahil ang tunay na gwapo, Ugali muna ang inaayos bago ang Itsura."
ham,"Wag na wag mo akong papakawalan, kung ayaw mo akong makitang Pinag-Aagawan."
ham,"Hindi mo kailangang magpakita ng pusod at hindi mo kailangang naka-todo make up. Dahil ang tunay na maganda, ngiti palang, pamatay na."
ham,"Wag na wag kang maiinlove sa taong walang pakialam, dahil para ka lang nagwawalis habang nkabukas electric fan, Lahat ng Effort Nasasayang."
ham,Minsan isipin mo muna kung may masasaktan ka sa gagawin mo. Dahil ang SORRY ay nagbubura lang ng Galit at hindi Nagtatama ng Mali.
ham,"Ang Love ay inumpisahan ni Adan at Eba,
Sinundan ni Florante at Laura.
Pinagdaanan ni Romeo at Juliet,
Kinumpleto ni mama at papa
at ngayon itutuloy nating dalawa."
ham,"Di bale nang mahuli mo akong nakatitig sayo...
At least napatunayan kong tinititigan mo din ako"
ham,"Madalas akong magselos hindi dahil para awayin ka...
Kundi para malaman mo na akin ka na atayaw ko na maagaw ka pa ng iba"
ham,"Na-try mo na ba ang feeling na hindi mo siya pinapansin,
pero ang puso mo gusto mo siyang kumustahin."
ham,"Sa lahat ng mga nagtatanong kung kami pa?...
ang sagot ko ""Hindi na po kami... Maghihiwalay"""
ham,"It feels good to hear someone say ""Ingat ka"".
But it feels so much better to hear someone say ""Iingatan Kita"""
ham,"Ikaw yung bagay na hindi Perpekto...pero
Ikaw ang sapat na dahilan kung bakit ako kumpleto."
ham,Ang sarap magmahal ng taong kahit hindi mo kaharap ikaw parin ang hinahanap
ham,"Masarap maging tao at mabuhay...
Pero mas masarap kung maging tayo habambuhay."
ham,"Ang relasyon ay parang pagsusuot ng cocktail dress at rubber shoes ng sabay.
Magkaiba man, babagay pa rin yan depende sa nagdadala."
ham,"Minsan daw, kakapagod magmahal: minsan masaya tapos may oras na iiyak ka! Sabi nila magsasawa din ako. Sabi ko di totoo yun! Alam mo bakit? ""kailan ba nagsawa ang taong nagmamahal ng totoo""…"
ham,"Minsan Okay na din yung MAY HINALA
Para kapag nalaman mo yung TOTOO, hindi ka na MABIBIGLA."
ham,"Kung hihiling ka ng isang relasyon, ang hilingin mo yung tipong mapapasabi nalang ang mga tao ng, “Aw Sila Parin?”"
ham,"Yung relationship na inaabot ng YEARS ang mahirap ilet go 
hindi dahil dun sa TAO pero dahil sa PINAGSAMAHAN."
ham,"Pag sinabi sayo ng isang lalaki: “Gusto ko mapag-isa!”
ang totoo: “Pwede ba dito ka sa tabi ko? Kahit saglit lang?”"
ham,"May notebook ka bang dala? Paki TAKE NOTE nga na may BoyFriend ka na.
Baka kasi nakakalimot yung iba."
ham,"Kung san ka masaya, suportado kita.
Nasasaktan na ako masaya ka pa rin. Ayos lang, basta masaya ka."
ham,"Hindi ko naman kailangan ng mahal na cellphone, ng mahal na ipad, ng mahal na kotse..
ang kailangan ko ikaw, na NAG-IISA KONG MAHAL."
spam,"JARED B., No patch-up, stable server & easy E-pay remit !

Be our JACKPOTCITY member Reward Club & win more !

Join now : jackpotcity. t o p"
spam,"Hello JARED B., Play the Popular Online Casino Games here in Philippines! and win IPHONE 14 PRO MAX

Sign up now here: sbetph. i n f o"
spam,"CYRILLE JAYE H.! Get your WELCOME BONUS up to PHP 3,000! And get a  chance to win an Iphone 14PROMAX! Sign up no here in W+! wplus8fifa.com/7777WIN"
spam,"CYRILLE JAYE H. Earn easy money tonight! here in SBET 68% live casino welcome BONUS! up to P6,888 Register now sbetfifa.com/SABONGFIGHT"
